{
    "view": {
        "zoom": 12,
        "center": [-123.35169947612546, 48.46405135650817],
        "projection": "EPSG:3857"
    },
    "maxZoom": 1
}