{
    "view": {
        "zoom": 12,
        "center": [-122.58879803106113, 50.535251270881666],
        "projection": "EPSG:3857"
    },
    "maxZoom": 1
}