{
    "view": {
        "zoom": 12,
        "center": [-125.87310791015626, 54.386755374769535],
        "projection": "EPSG:3857"
    },
    "maxZoom": 1
}
